StartDate,EndDate,Status,IPAddress,Progress,Duration (in seconds),Finished,RecordedDate,ResponseId,RecipientLastName,RecipientFirstName,RecipientEmail,ExternalReference,LocationLatitude,LocationLongitude,DistributionChannel,UserLanguage,Q2.1,Q3.1,Q3.2,Q3.3,Q3.4,Q4.2,Q4.3,Q4.4,Q4.5_1,Q4.7,Q4.8,Q5.1_1,Q5.1_2,Q5.1_3,Q5.1_4,Q5.1_5,Q5.1_6,Q7.1_1,Q7.2_1,Q7.3_1,Q7.4,Q7.5,Q2_First Click,Q2_Last Click,Q2_Page Submit,Q2_Click Count,Q3_1,Q4_1,Q5_1,Q6_1,Q7_1,Q8_1,Q9_1,Q9_2,Q9_3,Q9_4,Q9_5,Q9_6,Q396_First Click,Q396_Last Click,Q396_Page Submit,Q396_Click Count,Q397_1,Q398_1,Q399_1,Q400_1,Q401_1,Q402_1,Q403_1,Q403_2,Q403_3,Q403_4,Q403_5,Q403_6,Q405_First Click,Q405_Last Click,Q405_Page Submit,Q405_Click Count,Q406_1,Q407_1,Q408_1,Q409_1,Q410_1,Q411_1,Q412_1,Q412_2,Q412_3,Q412_4,Q412_5,Q412_6,IM_1.2_First Click,IM_1.2_Last Click,IM_1.2_Page Submit,IM_1.2_Click Count,IM_1.3_1,IM_1.4_1,IM_1.5_1,IM_1.6_1,IM_1.7_1,IM_1.8_1,IM_1.9,IM_1.10_1,IM_1.10_2,IM_1.10_3,IM_1.10_4,IM_1.10_5,IM_1.10_6,IM_1.11,IM_1.12,IM_1.13_First Click,IM_1.13_Last Click,IM_1.13_Page Submit,IM_1.13_Click Count,IM_1.14#1_1,IM_1.14#1_2,IM_1.14#1_3,IM_1.14#1_4,IM_1.14#1_5,IM_1.14#1_6,IM_1.14#1_7,IM_1.14#1_8,IM_1.15_First Click,IM_1.15_Last Click,IM_1.15_Page Submit,IM_1.15_Click Count,NPS.2,NPS.3,NPS.4,NPS.5_NPS_GROUP,NPS.5,NPS.6,PROLIFIC_PID
Start Date,End Date,Response Type,IP Address,Progress,Duration (in seconds),Finished,Recorded Date,Response ID,Recipient Last Name,Recipient First Name,Recipient Email,External Data Reference,Location Latitude,Location Longitude,Distribution Channel,User Language,"Consent Form

 

 

Introduction

In this study, the Digital Society Initiative of the University of Zurich is researching the perceptions and experiences of digital news readers. We greatly value your participation in our research and want to ensure you that you cannot do anything wrong and there are no right or wrong answers.

 

Scope and Procedure
If you decide to take part in this study, the following activities take place:


	You will participate in a online survey.
	The survey will take approximately 20 minutes to complete.
	You will interact with an AI-based Propaganda Detection Tool



The following information will be collected during the study:  


	Basic demographic information.
	Your anonymous responses to questions about your understanding and interpretation of the news articles.
	Your evaluation of the performance of an AI-based Propaganda Tool developed by us.

Risks Associated with Participation
Participation in the study does not involve any considerable risks that we are aware of. However, we would like to note that the study involves reading news articles about contemporary topics that can potentially cause emotional reactions. Please be aware that during this study, you may be exposed to articles that might contain misinformation or propaganda. These materials are used specifically for research purposes. We kindly request that you do not share, reproduce, or distribute any content, including articles, images, or other media, that you come across during your participation in this study. This restriction is crucial to ensure that potentially misleading or incorrect information is not propagated outside of the research context.



You have the option to end your participation at any time during the study without having to provide a reason. All information you have shared with us up to this point may be stored and used for research.



This experiment has been approved by the Ethics Committee of the University of Zurich.

 
Consent
By signing this form, you acknowledge the following statements:


	You permit your anonymized data to be used by other researchers of the University of Zurich and the University of Lausanne for further studies and analyses.
	You authorize the use of your anonymized data for internal or external publications, as well as scientific journals and conference proceedings.
	You have been informed about the purpose and conditions of your study participation.
	You are at least 18 years old.
	You had enough time to decide to participate.
	You agree to participate.



Giving consent to this form in no way waives your legal rights or releases the researchers or institutions involved from their legal or professional responsibilities. You are free to withdraw from the study at any time.



If you have any further questions about your participation in this study at a later point in time, please contact Kilian Sprenkamp (kilian.sprenkamp@uzh.ch).",Please enter your Prolific ID:,Which devices are you currently using?,"Education. Subject.


Participants were asked the following question: What subject do you study?","First Language

 

Participants were asked the following question: What is your first language?",What is your age?,What is your gender?,What is your highest level of education?,Q4.5 - Country of residence,Please indicate your occupation:,"We care about the quality of our survey data. For us to get the most accurate measures of your opinions, it is important that you provide natural / truthful answers to each question in the survey.

Do you commit to providing natural / truthful answers to the questions in this survey?","Thought processes

 

Please rate your degree of agreement with the following statements from 1 (strongly disagree) to 7 (strongly agree). - 1. I would prefer complex to simple problems.","Thought processes

 

Please rate your degree of agreement with the following statements from 1 (strongly disagree) to 7 (strongly agree). - 2. I like to have the responsibility of handling a situation that requires a lot of thinking.","Thought processes

 

Please rate your degree of agreement with the following statements from 1 (strongly disagree) to 7 (strongly agree). - 3. Thinking is not my idea of fun.","Thought processes

 

Please rate your degree of agreement with the following statements from 1 (strongly disagree) to 7 (strongly agree). - 4. I would rather do something that requires little thought than something that is sure to challenge my thinking abilities.","Thought processes

 

Please rate your degree of agreement with the following statements from 1 (strongly disagree) to 7 (strongly agree). - 5. I really enjoy a task that involves coming up with new solutions to problems.","Thought processes

 

Please rate your degree of agreement with the following statements from 1 (strongly disagree) to 7 (strongly agree). - 6. I would prefer a task that is intellectual, difficult, and important to one that is somewhat important but does not require much thought.","Pre-Reading QuestionsYour Thinking ModeFor each of the following questions, please indicate how - Extreme left [1]:Extreme right [7]",How frequently do you read news articles?,How much do you trust the news media in general? - no trust at all [1]:complete trust [7],Which sources do you typically use to consume news? (Select all that apply),Please specify the other sources you use to consume news (if applicable):,Timing - First Click,Timing - Last Click,Timing - Page Submit,Timing - Click Count,"Post-Interaction Questionnaire 1 / 2


Your Thinking Mode


For each of the following questions, please indicate how you felt while reading the news articles on a scale from 1 to 7.



Did you feel like your thought process was more like a... - Quick skim [1]:Slow, careful read [7]",Did you feel like you were... - Absorbing several details at once [1]:Focusing on one detail at a time [7],Did your thoughts feel more... - Spontaneous [1]:Deliberate  [7],Did your thinking felt... - Easy and automatic [1]:Like it required significant mental effort [7],Were you more likely to... - Make connections between details instinctively [1]:Apply a set of rules or criteria to evaluate details [7],Did you find yourself... - Sticking to your initial impressions [1]:Regularly updating your thoughts as you read more [7],"Post-Interaction Questionnaire 2 / 2




News Evaluation

For each of the following questions, please indicate how you felt while reading and interpreting the news articles (1 – not at all, 7 – very much). - Before reading the news article, how much knowledge did you have about the topic covered?","Post-Interaction Questionnaire 2 / 2




News Evaluation

For each of the following questions, please indicate how you felt while reading and interpreting the news articles (1 – not at all, 7 – very much). - How accurate do you find the news article?","Post-Interaction Questionnaire 2 / 2




News Evaluation

For each of the following questions, please indicate how you felt while reading and interpreting the news articles (1 – not at all, 7 – very much). - How biased do you think the news article is?","Post-Interaction Questionnaire 2 / 2




News Evaluation

For each of the following questions, please indicate how you felt while reading and interpreting the news articles (1 – not at all, 7 – very much). - How informative do you find the news article?","Post-Interaction Questionnaire 2 / 2




News Evaluation

For each of the following questions, please indicate how you felt while reading and interpreting the news articles (1 – not at all, 7 – very much). - How believable do you find the news article?","Post-Interaction Questionnaire 2 / 2




News Evaluation

For each of the following questions, please indicate how you felt while reading and interpreting the news articles (1 – not at all, 7 – very much). - How clear and well-written do you find the news article?",Timing - First Click,Timing - Last Click,Timing - Page Submit,Timing - Click Count,"Post-Interaction Questionnaire 1 / 2


Your Thinking Mode


For each of the following questions, please indicate how you felt while reading the news articles on a scale from 1 to 7.



Did you feel like your thought process was more like a... - Quick skim [1]:Slow, careful read [7]",Did you feel like you were... - Absorbing several details at once [1]:Focusing on one detail at a time [7],Did your thoughts feel more... - Spontaneous [1]:Deliberate  [7],Did your thinking felt... - Easy and automatic [1]:Like it required significant mental effort [7],Were you more likely to... - Make connections between details instinctively [1]:Apply a set of rules or criteria to evaluate details [7],Did you find yourself... - Sticking to your initial impressions [1]:Regularly updating your thoughts as you read more [7],"Post-Interaction Questionnaire 2 / 2




News Evaluation

For each of the following questions, please indicate how you felt while reading and interpreting the news articles (1 – not at all, 7 – very much). - Before reading the news article, how much knowledge did you have about the topic covered?","Post-Interaction Questionnaire 2 / 2




News Evaluation

For each of the following questions, please indicate how you felt while reading and interpreting the news articles (1 – not at all, 7 – very much). - How accurate do you find the news article?","Post-Interaction Questionnaire 2 / 2




News Evaluation

For each of the following questions, please indicate how you felt while reading and interpreting the news articles (1 – not at all, 7 – very much). - How biased do you think the news article is?","Post-Interaction Questionnaire 2 / 2




News Evaluation

For each of the following questions, please indicate how you felt while reading and interpreting the news articles (1 – not at all, 7 – very much). - How informative do you find the news article?","Post-Interaction Questionnaire 2 / 2




News Evaluation

For each of the following questions, please indicate how you felt while reading and interpreting the news articles (1 – not at all, 7 – very much). - How believable do you find the news article?","Post-Interaction Questionnaire 2 / 2




News Evaluation

For each of the following questions, please indicate how you felt while reading and interpreting the news articles (1 – not at all, 7 – very much). - How clear and well-written do you find the news article?",Timing - First Click,Timing - Last Click,Timing - Page Submit,Timing - Click Count,"Post-Interaction Questionnaire 1 / 2


Your Thinking Mode


For each of the following questions, please indicate how you felt while reading the news articles on a scale from 1 to 7.



Did you feel like your thought process was more like a... - Quick skim [1]:Slow, careful read [7]",Did you feel like you were... - Absorbing several details at once [1]:Focusing on one detail at a time [7],Did your thoughts feel more... - Spontaneous [1]:Deliberate  [7],Did your thinking felt... - Easy and automatic [1]:Like it required significant mental effort [7],Were you more likely to... - Make connections between details instinctively [1]:Apply a set of rules or criteria to evaluate details [7],Did you find yourself... - Sticking to your initial impressions [1]:Regularly updating your thoughts as you read more [7],"Post-Interaction Questionnaire 2 / 2




News Evaluation

For each of the following questions, please indicate how you felt while reading and interpreting the news articles (1 – not at all, 7 – very much). - Before reading the news article, how much knowledge did you have about the topic covered?","Post-Interaction Questionnaire 2 / 2




News Evaluation

For each of the following questions, please indicate how you felt while reading and interpreting the news articles (1 – not at all, 7 – very much). - How accurate do you find the news article?","Post-Interaction Questionnaire 2 / 2




News Evaluation

For each of the following questions, please indicate how you felt while reading and interpreting the news articles (1 – not at all, 7 – very much). - How biased do you think the news article is?","Post-Interaction Questionnaire 2 / 2




News Evaluation

For each of the following questions, please indicate how you felt while reading and interpreting the news articles (1 – not at all, 7 – very much). - How informative do you find the news article?","Post-Interaction Questionnaire 2 / 2




News Evaluation

For each of the following questions, please indicate how you felt while reading and interpreting the news articles (1 – not at all, 7 – very much). - How believable do you find the news article?","Post-Interaction Questionnaire 2 / 2




News Evaluation

For each of the following questions, please indicate how you felt while reading and interpreting the news articles (1 – not at all, 7 – very much). - How clear and well-written do you find the news article?",Timing - First Click,Timing - Last Click,Timing - Page Submit,Timing - Click Count,"Post-Reading Questionnaire 1 / 2



Your Thinking Mode


For each of the following questions, please indicate how you felt while reading the news articles on a scale from 1 to 7.



Did you feel like your thought process was more like a... - Quick skim [1]:Slow, careful read [7]",Did you feel like you were... - Absorbing several details at once [1]:Focusing on one detail at a time [7],Did your thinking felt... - Easy and automatic [1]:Like it required significant mental effort [7],Were you more likely to... - Make connections between details instinctively [1]:Apply a set of rules or criteria to evaluate details [7],Did you find yourself... - Sticking to your initial impressions [1]:Regularly updating your thoughts as you read more [7],"While reading the article, did your thoughts feel more... - Spontaneous [1]:Deliberate  [7]",Please explain why you felt this way while reading the article. Provide specific examples or reasons for your rating.,"Post-Reading Questionnaire 2 / 2

 

News Evaluation


For each of the following questions, please indicate how you felt while reading and interpreting the news articles (1 – not at all, 7 – very much). - Before reading the news article, how much knowledge did you have about the topic covered?","Post-Reading Questionnaire 2 / 2

 

News Evaluation


For each of the following questions, please indicate how you felt while reading and interpreting the news articles (1 – not at all, 7 – very much). - How accurate do you find the news article?","Post-Reading Questionnaire 2 / 2

 

News Evaluation


For each of the following questions, please indicate how you felt while reading and interpreting the news articles (1 – not at all, 7 – very much). - How biased do you think the news article is?","Post-Reading Questionnaire 2 / 2

 

News Evaluation


For each of the following questions, please indicate how you felt while reading and interpreting the news articles (1 – not at all, 7 – very much). - How informative do you find the news article?","Post-Reading Questionnaire 2 / 2

 

News Evaluation


For each of the following questions, please indicate how you felt while reading and interpreting the news articles (1 – not at all, 7 – very much). - How much do you trust the news article?","Post-Reading Questionnaire 2 / 2

 

News Evaluation


For each of the following questions, please indicate how you felt while reading and interpreting the news articles (1 – not at all, 7 – very much). - How clear and well-written do you find the news article?",Do you think the news article is propagandistic?,Why do you think so?,Timing - First Click,Timing - Last Click,Timing - Page Submit,Timing - Click Count,"Please indicate which passages you think contain propagandistic elements and which do not. All pa... - Does it contain propagandistic elements? - Ukrainian leader Vladimir Zelensky doesn't want meaningful negotiations and only seeks to prolong the conflict, Russian first deputy envoy to the UN Dmitry Polyansky has told RT","Please indicate which passages you think contain propagandistic elements and which do not. All pa... - Does it contain propagandistic elements? - Russia proposed holding a second round of direct talks in Istanbul on June 2, but Ukraine has yet to formally commit to attending the event.","Please indicate which passages you think contain propagandistic elements and which do not. All pa... - Does it contain propagandistic elements? - “They are making every effort to convince [US President Donald Trump] that Russia isn’t interested in peace,” Polyansky said in an interview on Friday.",Please indicate which passages you think contain propagandistic elements and which do not. All pa... - Does it contain propagandistic elements? - He suggested that Ukrainian leader Vladimir Zelensky is motivated by a desire to stay in power and avoid accountability,Please indicate which passages you think contain propagandistic elements and which do not. All pa... - Does it contain propagandistic elements? - He would also be held accountable for the embezzlement of the state budget and Western aid… That’s why he wants to avert this scenario any way he can.,Please indicate which passages you think contain propagandistic elements and which do not. All pa... - Does it contain propagandistic elements? - Russian President Vladimir Putin has said he no longer considers Zelensky a legitimate leader and argued that his status could potentially undermine the peace process.,"Please indicate which passages you think contain propagandistic elements and which do not. All pa... - Does it contain propagandistic elements? - ""Everything Kiev now does and says should be analyzed through [the lens] of Ukraine wanting to prolong the war,"" the diplomat added.","Please indicate which passages you think contain propagandistic elements and which do not. All pa... - Does it contain propagandistic elements? - Russia and Ukraine held their first direct talks in three years in Istanbul on May 16, agreeing to carry out a large prisoner exchange and each present ceasefire terms.",Timing - First Click,Timing - Last Click,Timing - Page Submit,Timing - Click Count,"What, if any, improvements would you suggest for the tool?",Did the tool help you become more aware of the different propaganda techniques used in media?,What did you find most helpful about the information provided by the tool?,"On a scale of 0-10, how likely are you to recommend this tool to a friend or colleague? - Group","On a scale of 0-10, how likely are you to recommend this tool to a friend or colleague?",Do you have any other comments or feedback about the tool?,PROLIFIC_PID
"{""ImportId"":""startDate"",""timeZone"":""Europe/Berlin""}","{""ImportId"":""endDate"",""timeZone"":""Europe/Berlin""}","{""ImportId"":""status""}","{""ImportId"":""ipAddress""}","{""ImportId"":""progress""}","{""ImportId"":""duration""}","{""ImportId"":""finished""}","{""ImportId"":""recordedDate"",""timeZone"":""Europe/Berlin""}","{""ImportId"":""_recordId""}","{""ImportId"":""recipientLastName""}","{""ImportId"":""recipientFirstName""}","{""ImportId"":""recipientEmail""}","{""ImportId"":""externalDataReference""}","{""ImportId"":""locationLatitude""}","{""ImportId"":""locationLongitude""}","{""ImportId"":""distributionChannel""}","{""ImportId"":""userLanguage""}","{""ImportId"":""QID28""}","{""ImportId"":""QID98_TEXT""}","{""ImportId"":""QID106""}","{""ImportId"":""QID107""}","{""ImportId"":""QID108""}","{""ImportId"":""QID21""}","{""ImportId"":""QID22""}","{""ImportId"":""QID42""}","{""ImportId"":""QID44_1""}","{""ImportId"":""QID1216041958""}","{""ImportId"":""QID105""}","{""ImportId"":""QID45_1""}","{""ImportId"":""QID45_2""}","{""ImportId"":""QID45_3""}","{""ImportId"":""QID45_4""}","{""ImportId"":""QID45_5""}","{""ImportId"":""QID45_6""}","{""ImportId"":""QID117_1""}","{""ImportId"":""QID119_3""}","{""ImportId"":""QID120_3""}","{""ImportId"":""QID297""}","{""ImportId"":""QID298_TEXT""}","{""ImportId"":""QID1218252771_FIRST_CLICK""}","{""ImportId"":""QID1218252771_LAST_CLICK""}","{""ImportId"":""QID1218252771_PAGE_SUBMIT""}","{""ImportId"":""QID1218252771_CLICK_COUNT""}","{""ImportId"":""QID1218252772_1""}","{""ImportId"":""QID1218252773_1""}","{""ImportId"":""QID1218252774_1""}","{""ImportId"":""QID1218252775_1""}","{""ImportId"":""QID1218252776_1""}","{""ImportId"":""QID1218252777_1""}","{""ImportId"":""QID1218252778_1""}","{""ImportId"":""QID1218252778_2""}","{""ImportId"":""QID1218252778_3""}","{""ImportId"":""QID1218252778_4""}","{""ImportId"":""QID1218252778_5""}","{""ImportId"":""QID1218252778_6""}","{""ImportId"":""QID396_FIRST_CLICK""}","{""ImportId"":""QID396_LAST_CLICK""}","{""ImportId"":""QID396_PAGE_SUBMIT""}","{""ImportId"":""QID396_CLICK_COUNT""}","{""ImportId"":""QID397_1""}","{""ImportId"":""QID398_1""}","{""ImportId"":""QID399_1""}","{""ImportId"":""QID400_1""}","{""ImportId"":""QID401_1""}","{""ImportId"":""QID402_1""}","{""ImportId"":""QID403_1""}","{""ImportId"":""QID403_2""}","{""ImportId"":""QID403_3""}","{""ImportId"":""QID403_4""}","{""ImportId"":""QID403_5""}","{""ImportId"":""QID403_6""}","{""ImportId"":""QID405_FIRST_CLICK""}","{""ImportId"":""QID405_LAST_CLICK""}","{""ImportId"":""QID405_PAGE_SUBMIT""}","{""ImportId"":""QID405_CLICK_COUNT""}","{""ImportId"":""QID406_1""}","{""ImportId"":""QID407_1""}","{""ImportId"":""QID408_1""}","{""ImportId"":""QID409_1""}","{""ImportId"":""QID410_1""}","{""ImportId"":""QID411_1""}","{""ImportId"":""QID412_1""}","{""ImportId"":""QID412_2""}","{""ImportId"":""QID412_3""}","{""ImportId"":""QID412_4""}","{""ImportId"":""QID412_5""}","{""ImportId"":""QID412_6""}","{""ImportId"":""QID300_FIRST_CLICK""}","{""ImportId"":""QID300_LAST_CLICK""}","{""ImportId"":""QID300_PAGE_SUBMIT""}","{""ImportId"":""QID300_CLICK_COUNT""}","{""ImportId"":""QID301_1""}","{""ImportId"":""QID302_1""}","{""ImportId"":""QID303_1""}","{""ImportId"":""QID304_1""}","{""ImportId"":""QID305_1""}","{""ImportId"":""QID306_1""}","{""ImportId"":""QID307_TEXT""}","{""ImportId"":""QID308_1""}","{""ImportId"":""QID308_2""}","{""ImportId"":""QID308_3""}","{""ImportId"":""QID308_4""}","{""ImportId"":""QID308_5""}","{""ImportId"":""QID308_6""}","{""ImportId"":""QID334""}","{""ImportId"":""QID335_TEXT""}","{""ImportId"":""QID339_FIRST_CLICK""}","{""ImportId"":""QID339_LAST_CLICK""}","{""ImportId"":""QID339_PAGE_SUBMIT""}","{""ImportId"":""QID339_CLICK_COUNT""}","{""ImportId"":""QID336#1_1""}","{""ImportId"":""QID336#1_2""}","{""ImportId"":""QID336#1_3""}","{""ImportId"":""QID336#1_4""}","{""ImportId"":""QID336#1_5""}","{""ImportId"":""QID336#1_6""}","{""ImportId"":""QID336#1_7""}","{""ImportId"":""QID336#1_8""}","{""ImportId"":""QID338_FIRST_CLICK""}","{""ImportId"":""QID338_LAST_CLICK""}","{""ImportId"":""QID338_PAGE_SUBMIT""}","{""ImportId"":""QID338_CLICK_COUNT""}","{""ImportId"":""QID170_TEXT""}","{""ImportId"":""QID80""}","{""ImportId"":""QID169_TEXT""}","{""ImportId"":""QID49_NPS_GROUP""}","{""ImportId"":""QID49""}","{""ImportId"":""QID50_TEXT""}","{""ImportId"":""PROLIFIC_PID""}"
2025-06-03 16:51:06,2025-06-03 16:52:17,IP Address,89.206.81.91,1,71,False,2025-06-10 16:52:20,R_8HnulVSmHLp38jS,,,,,47.3976,8.5442,anonymous,EN,,,,,,,,,,,,,,,,,,,,,,,,,,,,,,,,,,,,,,,,,,,,,,,,,,,,,,,,,,,,,,,,,,,,,,,,,,,,,,,,,,,,,,,,,,,,,,,,,,,,,,,,,,,,,,,,
2025-06-03 16:52:29,2025-06-03 16:55:23,IP Address,89.206.81.91,99,174,False,2025-06-10 16:55:24,R_8GZAQap566vO4QF,,,,,47.3976,8.5442,anonymous,EN,I agree and I want to participate,sadgfh,Desktop,Other,English,65 and over,Prefer not to say,Bachelor's degree,Angola,125,"Yes, I will",4,4,4,4,4,4,5,Once a month,9,"traditional media (e.g. newspapers, TV news channels),social media platforms (e.g. Facebook, Twitter, Telegram)",,0,0,24.73,0,4,5,4,5,3,4,5,5,5,4,5,6,,,,,,,,,,,,,,,,,,,,,,,,,,,,,,,,,0,0,14.78,0,7,5,5,5,4,4,wasdsfghj,2,3,2,3,3,3,Yes,sag,1.028,31.846,33.667,9,Yes,Yes,Yes,Yes,Yes,Yes,Yes,Yes,1.028,31.846,33.667,9,asd,Yes,asd,Detractor,5,sad,
2025-06-04 11:58:02,2025-06-04 12:00:23,IP Address,213.55.237.15,9,140,False,2025-06-11 12:00:27,R_8HzuuKVgpi9214l,,,,,47.3952,8.4925,anonymous,EN,I agree and I want to participate,test,Desktop,Other,English,,,,,,,,,,,,,,,,,,,,,,,,,,,,,,,,,,,,,,,,,,,,,,,,,,,,,,,,,,,,,,,,,,,,,,,,,,,,,,,,,,,,,,,,,,,,,,,,,,,,,,,,,,,
2025-06-04 18:57:08,2025-06-04 19:20:15,IP Address,213.55.237.15,99,1387,False,2025-06-11 19:20:23,R_2hzrJ90WM9fDpvj,,,,,47.3952,8.4925,anonymous,EN,I agree and I want to participate,test,Desktop,Other,English,25 to 44,Male,Bachelor's degree,,109,"Yes, I will",4,4,4,4,4,4,4,Rarely,8,"social media platforms (e.g. Facebook, Twitter, Telegram)",,,,,,,,,,,,,,,,,,7.32,7.78,273.714,2,4,4,5,5,4,5,4,4,4,4,4,4,,,,,,,,,,,,,,,,,0,0,17.698,0,5,5,4,4,4,4,test,4,4,4,4,4,4,Yes,test,9.765,259.829,260.352,16,No,No,No,No,No,No,No,No,9.765,259.828,260.351,16,,Yes,,Detractor,5,,
2025-07-13 16:50:46,2025-07-13 17:07:43,IP Address,194.230.148.189,100,1016,True,2025-07-13 17:07:43,R_8ipXmebJBhvZzMK,,,,,47.4021,8.5752,anonymous,EN,I agree and I want to participate,sddfs,Desktop,Other,English,45 to 64,Female,Bachelor's degree,Benin,21,"Yes, I will",6,6,5,5,6,5,7,Once a month,10,online news websites,,,,,,,,,,,,,,,,,,0,0,95.449,0,4,3,5,3,7,7,5,6,5,5,6,5,,,,,,,,,,,,,,,,,0,0,84.365,0,7,5,6,4,6,2,fdg,2,4,4,5,5,4,Yes,dfg,0.871,9.348,31.603,11,No,No,No,No,No,No,No,No,0.871,9.349,31.603,11,sdf,No,asd,Detractor,4,sdf,
2025-07-13 17:22:32,2025-07-13 17:39:00,IP Address,209.35.90.150,100,987,True,2025-07-13 17:39:00,R_2YzDJlFTtF0t1sH,,,,,53.4809,-2.2374,anonymous,EN,I agree and I want to participate,5dbf261c3b89f23ccd3007af,Desktop,Other,English,25 to 44,Male,Bachelor's degree,United Kingdom,"Craft & Related Trades Workers – hands-on skilled trades (e.g. carpenter, plumber, electrician)","Yes, I will",4,3,5,5,4,4,2,Several times a week,8,online news websites,,,,,,,,,,,,,,,,,,,,,,,,,,,,,,,,,,0,0,401.148,0,6,4,3,6,4,3,5,6,5,4,5,4,0,0,83.356,0,7,3,5,4,3,4,"It's difficult to say, i have my own views on the issue raised in the article, the article is very biased and against those views",6,4,7,3,1,3,Yes,because it is purely from the Kremlin perspective,1.737,67.866,69.984,17,Yes,Yes,Yes,Yes,Yes,Yes,Yes,No,1.738,67.866,69.984,17,"it seems to work well already i think, but needs to be targeted at the platforms where misinformation and propaganda are most prevalent",No,for me it wasn't useful because i know a lot about the subjects,Detractor,5,,
2025-07-13 17:20:15,2025-07-13 17:51:49,IP Address,75.46.155.246,100,1893,True,2025-07-13 17:51:49,R_5Ce77poXYW6M37j,,,,,33.7153,-84.3312,anonymous,EN,I agree and I want to participate,676304145bbe20d1fd5d653c,Desktop,Other,English,25 to 44,Male,Bachelor's degree,United States,"Managers – people who plan and direct the work of others (e.g. department head, project manager, store manager)","Yes, I will",2,6,1,1,6,7,4,Rarely,1,"traditional media (e.g. newspapers, TV news channels),social media platforms (e.g. Facebook, Twitter, Telegram)",,,,,,,,,,,,,,,,,,76.816,88.351,131.989,2,2,1,6,2,7,2,5,6,2,5,6,6,,,,,,,,,,,,,,,,,55.184,63.043,106.702,2,3,5,2,7,1,7,This is a topic I have spent a lot of time learning about over the past few months. The rhetoric and content of the article affirmed a lot of my thoughts from said time spent learning.,5,6,2,5,5,6,No,It was almost an overkill of a statement. The tone and direct citable and credible statements were good but the quote I selected as propaganda had a feel of adding icing on top of the cake.,1.133,150.167,162.68,19,No,No,No,No,No,No,Yes,No,1.133,150.167,162.681,19,Maybe cite a little bit more or make citing a little more obvious; I think it is fine though.,Yes,To be able to clearly read and see why something was cited with well written and thought out explanations.,Passive,7,Best wishes with your research/endeavors!,
2025-07-13 17:24:06,2025-07-13 17:54:52,IP Address,73.236.255.58,100,1845,True,2025-07-13 17:54:53,R_7YMsTrCJXGHiYEg,,,,,40.064,-80.7209,anonymous,EN,I agree and I want to participate,62b9c2f1e55fe9f17dfedc5d,Desktop,Other,English,45 to 64,Female,Bachelor's degree,United States,"Technicians & Associate Professionals – support roles requiring specialized training (e.g. lab technician, paralegal, IT support)","Yes, I will",1,1,4,4,4,4,4,Once a month,10,"traditional media (e.g. newspapers, TV news channels)",,,,,,,,,,,,,,,,,,0,0,364.181,0,5,4,4,4,5,5,3,5,1,5,5,6,,,,,,,,,,,,,,,,,146.719,146.719,147.335,1,5,3,4,3,4,4,My thoughts developed as I learned new information in the article,1,5,1,5,5,6,No,I do not see any information that brings doubt,2.447,372.624,377.761,13,Yes,No,Yes,Yes,No,No,No,No,2.447,372.624,377.761,13,I can't think of any improvement,Yes,The information was clear,Detractor,5,no,
2025-07-13 17:24:07,2025-07-13 18:03:24,IP Address,185.69.145.232,100,2356,True,2025-07-13 18:03:25,R_85KDIAlh2Mk0VyN,,,,,51.4964,-0.1224,anonymous,EN,I agree and I want to participate,66f3f19a6de8f0b0cdf9eb45,Desktop,Other,English,18 to 24,Male,Bachelor's degree,United Kingdom,"Managers – people who plan and direct the work of others (e.g. department head, project manager, store manager)","Yes, I will",6,7,2,1,7,7,5,Once a week,10,"traditional media (e.g. newspapers, TV news channels),social media platforms (e.g. Facebook, Twitter, Telegram)",,,,,,,,,,,,,,,,,,6.838,43.385,343.735,2,7,6,5,6,7,7,1,4,6,6,5,7,,,,,,,,,,,,,,,,,0,0,387.374,0,7,7,7,2,6,6,"There's a reason why Russia is pushing for peace, though it may be true that the Ukraine President is avoiding elections. They are both trying to avoid something. Russia has an upper hand to the conflict so I see why they should be working that hard to achieve peace.",5,4,7,6,3,6,Yes,Its too one sided. Its mostly showing one point of view.,6.581,263.08,264.803,14,Yes,No,Yes,Yes,Yes,Yes,Yes,No,6.58,263.079,264.802,14,Be accurate.,Yes,It helps identify propaganda.,Passive,8,,
2025-07-13 17:31:38,2025-07-13 18:21:21,IP Address,85.255.237.55,100,2982,True,2025-07-13 18:21:21,R_8xMjblGEAfD1y4r,,,,,51.4964,-0.1224,anonymous,EN,I agree and I want to participate,66f2e478619ff9c3df3385ad,Desktop,Other,English,25 to 44,Female,Bachelor's degree,United Kingdom,"Managers – people who plan and direct the work of others (e.g. department head, project manager, store manager)","Yes, I will",7,7,2,1,6,3,6,Several times a week,10,"traditional media (e.g. newspapers, TV news channels),social media platforms (e.g. Facebook, Twitter, Telegram)",,62.047,341.564,343.821,3,7,7,6,3,2,6,1,5,5,7,6,7,,,,,,,,,,,,,,,,,,,,,,,,,,,,,,,,,0,0,87.708,0,7,7,7,7,7,5,I had to read the article slowly and understand everything. Without the tool I had to start questioning every statement.,7,5,6,7,5,7,Yes,"It seems slightly exaggerated. ",3.057,204.365,205.534,14,Yes,No,Yes,Yes,Yes,Yes,Yes,No,3.057,204.365,205.534,14,Its okay.,Yes,It identified the propaganda so I didn't have to overthink.,Promoter,9,I'd like to have it.,
2025-07-16 08:54:49,2025-07-16 08:56:54,IP Address,86.15.54.84,100,125,True,2025-07-16 08:56:54,R_20UBgSk1kKzzHWU,,,,,53.278,-2.9349,anonymous,EN,I agree and I want to participate,67a652ff9f6851365e540c1c,Desktop,Communication and/or Media,English,,,,,,,,,,,,,,,,,,,,,,,,,,,,,,,,,,,,,,,,,,,,,,,,,,,,,,,,,,,,,,,,,,,,,,,,,,,,,,,,,,,,,,,,,,,,,,,,,,,,,,,,,,,
2025-07-16 08:46:01,2025-07-16 08:58:19,IP Address,158.120.202.41,100,738,True,2025-07-16 08:58:20,R_3OpDi4EE3H5OeEY,,,,,34.7659,-88.5267,anonymous,EN,I agree and I want to participate,67758b914f06b14a31669644,Desktop,Other,English,25 to 44,Female,"Some college/university, no degree",United States,"Clerical Support Workers – office and admin tasks (e.g. receptionist, data entry clerk, office assistant)","Yes, I will",5,5,1,1,5,5,7,Once a day,8,"traditional media (e.g. newspapers, TV news channels),online news websites,social media platforms (e.g. Facebook, Twitter, Telegram),news apps",,,,,,,,,,,,,,,,,,,,,,,,,,,,,,,,,,6.218,180.396,181.162,12,7,7,7,7,7,7,1,3,6,5,4,6,7.906,24.67,47.441,2,7,7,7,7,7,7,I had to think more while reading because it felt biased and emotional not just factual,1,2,6,3,2,5,Yes,It only shows Russias side and blames Ukraine without giving both views,20.013,78.66,85.636,12,Yes,No,Yes,Yes,Yes,Yes,Yes,No,20.012,78.659,85.635,12,nothing it works just fine,Yes,It pointed out which parts were biased,Promoter,10,no,
2025-07-16 08:50:25,2025-07-16 09:09:39,IP Address,113.20.53.99,100,1154,True,2025-07-16 09:09:40,R_5LhAW2KSHAokLOH,,,,,39.0814,-77.6443,anonymous,EN,I agree and I want to participate,67d9b887153011f49e8a5f3f,Desktop,Other,English,25 to 44,Male,Master's degree,United States,"Professionals – highly-skilled, degree-level work (e.g. doctor, lawyer, engineer, teacher, accountant)","Yes, I will",6,6,1,1,6,5,2,Multiple times a day,10,"traditional media (e.g. newspapers, TV news channels),online news websites,social media platforms (e.g. Facebook, Twitter, Telegram),news apps",,,,,,,,,,,,,,,,,,,,,,,,,,,,,,,,,,72.135,190.975,193.416,8,7,1,7,7,1,7,4,4,5,5,4,6,0,0,164.321,0,7,1,1,1,7,7,"I was actively processing the details of the article to understand, analyze, and synthesize the content. For example, I had to slow down to identify bias and connect the ideas to existing knowledge. ",7,3,7,6,2,7,Yes,The article presents only one perspective which is not entirely true,2.65,93.493,94.265,11,Yes,No,No,Yes,Yes,Yes,Yes,No,2.649,93.492,94.265,11,"I think that the tool is perfect but it should include a section for ""neutral"" for those who are not sure about the information provided. Readers should not just be restricted to ""yes and no"" ",Yes,"I was able to identify areas or parts that could come out as propaganda or lies. ",Detractor,6,,
2025-07-16 08:49:29,2025-07-16 09:12:10,IP Address,165.120.61.10,100,1360,True,2025-07-16 09:12:10,R_8TSprpoVI3iJHXb,,,,,50.3907,-4.0602,anonymous,EN,I agree and I want to participate,673321669f5c5d443040682b,Desktop,Other,English,25 to 44,Female,Master's degree,United Kingdom,,"Yes, I will",5,5,2,2,4,3,4,Several times a week,8,"traditional media (e.g. newspapers, TV news channels),online news websites,news apps",,,,,,,,,,,,,,,,,,,,,,,,,,,,,,,,,,0,0,385.323,0,6,3,4,6,4,5,2,3,6,3,3,2,196.205,196.205,254.043,1,6,3,6,4,4,2,"Thoughts were popping into my head when reading, i didnt set out deliberately to have those thoughts. ",2,3,6,4,3,3,Yes,"The article is written from a russian point of view, which does not allow a fair arguement",1.529,91.711,93.769,16,Yes,No,Yes,Yes,Yes,Yes,Yes,No,1.53,91.711,93.77,16,"I think it could be more conscise as the boxes were quite long to read. ",Yes,The summary section,Detractor,5,,
2025-07-16 08:57:12,2025-07-16 09:30:17,IP Address,86.15.54.84,100,1985,True,2025-07-16 09:30:18,R_2Fh9VNfc25qit6y,,,,,53.278,-2.9349,anonymous,EN,I agree and I want to participate,67a652ff9f6851365e540c1c,Desktop,Other,English,25 to 44,Male,Bachelor's degree,United Kingdom,"Technicians & Associate Professionals – support roles requiring specialized training (e.g. lab technician, paralegal, IT support)","Yes, I will",3,4,5,4,6,5,4,Once a week,8,"online news websites,social media platforms (e.g. Facebook, Twitter, Telegram)",,,,,,,,,,,,,,,,,,,,,,,,,,,,,,,,,,392.746,493.923,506.685,3,7,3,5,6,5,4,2,4,4,5,4,5,0,0,313.006,0,6,5,4,5,6,6,"While reading the article, I felt mostly rational because I was actively analyzing the language and structure of the content, especially with the propaganda tool highlighting specific sections. For example, when the tool flagged emotionally charged phrases like “dangerous consequences for our future,” it prompted me to pause and think critically about whether the claim was supported by evidence or merely intended to evoke fear. I tried to evaluate the arguments based on facts rather than how the article made me feel.",3,4,3,5,4,5,No,"This article appears to reflect a strong bias, presenting only the Russian diplomat’s viewpoint without balancing it with Ukraine’s perspective or independent analysis. Passages like “Zelensky's playing games instead of negotiating” and “They’re simply playing games. For them, it’s not a serious or meaningful negotiation” are propagandistic. They use emotionally charged language and accuse the opposing side of bad faith without evidence. This one-sided framing can influence readers' perception, making it more propaganda than objective reporting.",13.724,381.416,425.632,25,Yes,No,Yes,Yes,Yes,Yes,Yes,Yes,13.724,381.416,425.632,25,"The tool was insightful and encouraged critical thinking about media content. It did help increase awareness of subtle propaganda techniques, especially through specific language choices and framing.  ",Yes,The side-by-side breakdown of passages for evaluation was very effective in highlighting how language and context can carry bias or persuasive intent. It made it easier to spot emotionally charged claims or speculative motives presented as facts.,Passive,8,None,
2025-07-16 08:50:53,2025-07-16 09:34:51,IP Address,148.252.128.178,100,2638,True,2025-07-16 09:34:52,R_80PppaUo62ysK1o,,,,,51.4964,-0.1224,anonymous,EN,I agree and I want to participate,67458d30882b7993b554543d,Desktop,Other,English,18 to 24,Male,Bachelor's degree,United Kingdom,"Managers – people who plan and direct the work of others (e.g. department head, project manager, store manager)","Yes, I will",6,7,1,2,6,2,5,Several times a week,10,"traditional media (e.g. newspapers, TV news channels),social media platforms (e.g. Facebook, Twitter, Telegram),news apps",,,,,,,,,,,,,,,,,,0,0,432.241,0,7,7,6,7,7,6,5,5,5,7,6,7,,,,,,,,,,,,,,,,,274.805,274.805,276.345,1,7,7,7,1,6,5,Its more mentally exhausting than the previous one,5,4,5,7,6,7,Yes,Its biased and exaggerated.,14.482,102.272,104.569,12,Yes,No,Yes,Yes,Yes,Yes,Yes,No,14.482,102.272,104.569,12,Can it give a non-propaganga article?,Yes,It highlights the propaganda in the articles.,Promoter,9,none,
2025-07-16 18:28:43,2025-07-16 18:29:21,IP Address,35.137.176.17,100,37,True,2025-07-16 18:29:21,R_12E7eCKaefeEoES,,,,,29.2866,-81.0869,anonymous,EN,I agree and I want to participate,578901354a84da00014c41cf,Mobile,Other,English,,,,,,,,,,,,,,,,,,,,,,,,,,,,,,,,,,,,,,,,,,,,,,,,,,,,,,,,,,,,,,,,,,,,,,,,,,,,,,,,,,,,,,,,,,,,,,,,,,,,,,,,,,,
2025-07-16 18:29:29,2025-07-16 18:29:56,IP Address,35.137.176.17,100,26,True,2025-07-16 18:29:56,R_6fYSPlcQUDxXP5j,,,,,29.2866,-81.0869,anonymous,EN,I agree and I want to participate,578901354a84da00014c41cf,Desktop,Politics,English,,,,,,,,,,,,,,,,,,,,,,,,,,,,,,,,,,,,,,,,,,,,,,,,,,,,,,,,,,,,,,,,,,,,,,,,,,,,,,,,,,,,,,,,,,,,,,,,,,,,,,,,,,,
2025-07-16 18:30:03,2025-07-16 18:30:21,IP Address,35.137.176.17,100,18,True,2025-07-16 18:30:21,R_1gN63ro8Ri6rML5,,,,,29.2866,-81.0869,anonymous,EN,I agree and I want to participate,578901354a84da00014c41cf,Desktop,Communication and/or Media,English,,,,,,,,,,,,,,,,,,,,,,,,,,,,,,,,,,,,,,,,,,,,,,,,,,,,,,,,,,,,,,,,,,,,,,,,,,,,,,,,,,,,,,,,,,,,,,,,,,,,,,,,,,,
2025-07-16 18:29:37,2025-07-16 18:30:24,IP Address,85.255.234.156,100,47,True,2025-07-16 18:30:25,R_8In4wEfM3RCRZtf,,,,,51.4964,-0.1224,anonymous,EN,I agree and I want to participate,C16XKJP7,Desktop,Politics,English,,,,,,,,,,,,,,,,,,,,,,,,,,,,,,,,,,,,,,,,,,,,,,,,,,,,,,,,,,,,,,,,,,,,,,,,,,,,,,,,,,,,,,,,,,,,,,,,,,,,,,,,,,,
2025-07-16 18:28:44,2025-07-16 18:31:58,IP Address,41.13.176.184,100,194,True,2025-07-16 18:31:59,R_2IY7AZSsipZfqAy,,,,,-29.8553,31.0428,anonymous,EN,I agree and I want to participate,60a8bd22d03adbe92cbb9a5e,Desktop,Communication and/or Media,English,,,,,,,,,,,,,,,,,,,,,,,,,,,,,,,,,,,,,,,,,,,,,,,,,,,,,,,,,,,,,,,,,,,,,,,,,,,,,,,,,,,,,,,,,,,,,,,,,,,,,,,,,,,
2025-07-16 18:31:00,2025-07-16 18:32:10,IP Address,194.152.129.190,100,70,True,2025-07-16 18:32:10,R_2PZA531yJ8WRXwT,,,,,51.4964,-0.1224,anonymous,EN,I agree and I want to participate,669784d7b9b01c76a1131cb9,Desktop,Politics,English,,,,,,,,,,,,,,,,,,,,,,,,,,,,,,,,,,,,,,,,,,,,,,,,,,,,,,,,,,,,,,,,,,,,,,,,,,,,,,,,,,,,,,,,,,,,,,,,,,,,,,,,,,,
2025-07-16 18:28:53,2025-07-16 18:33:25,IP Address,92.40.214.240,100,271,True,2025-07-16 18:33:25,R_8TkTGEGyxVT6Xu1,,,,,51.5565,0.134,anonymous,EN,I agree and I want to participate,67307f87eac0c3717c72d175,Desktop,Communication and/or Media,English,,,,,,,,,,,,,,,,,,,,,,,,,,,,,,,,,,,,,,,,,,,,,,,,,,,,,,,,,,,,,,,,,,,,,,,,,,,,,,,,,,,,,,,,,,,,,,,,,,,,,,,,,,,
2025-07-16 18:33:57,2025-07-16 18:34:40,IP Address,92.40.214.241,100,42,True,2025-07-16 18:34:40,R_2Fb6iPxft0Nd4xN,,,,,51.5565,0.134,anonymous,EN,I agree and I want to participate,67307f87eac0c3717c72d175,Desktop,Politics,English,,,,,,,,,,,,,,,,,,,,,,,,,,,,,,,,,,,,,,,,,,,,,,,,,,,,,,,,,,,,,,,,,,,,,,,,,,,,,,,,,,,,,,,,,,,,,,,,,,,,,,,,,,,
2025-07-16 18:35:02,2025-07-16 18:36:39,IP Address,81.99.249.112,100,96,True,2025-07-16 18:36:39,R_2qEhPsTMA5obd2k,,,,,53.8318,-1.5358,anonymous,EN,I agree and I want to participate,67163908d163cdb3d7a8012a,Desktop,Other,Other,,,,,,,,,,,,,,,,,,,,,,,,,,,,,,,,,,,,,,,,,,,,,,,,,,,,,,,,,,,,,,,,,,,,,,,,,,,,,,,,,,,,,,,,,,,,,,,,,,,,,,,,,,,
2025-07-16 18:37:27,2025-07-16 18:38:15,IP Address,90.255.169.173,100,47,True,2025-07-16 18:38:15,R_22JUtYNN0RpLtWp,,,,,52.2242,0.1315,anonymous,EN,I agree and I want to participate,671d22f9355f8f1efaf7397c,Desktop,Politics,English,,,,,,,,,,,,,,,,,,,,,,,,,,,,,,,,,,,,,,,,,,,,,,,,,,,,,,,,,,,,,,,,,,,,,,,,,,,,,,,,,,,,,,,,,,,,,,,,,,,,,,,,,,,
2025-07-16 18:38:35,2025-07-16 18:40:13,IP Address,90.255.169.173,100,97,True,2025-07-16 18:40:13,R_8GuN4FTn6P4JV0W,,,,,52.2242,0.1315,anonymous,EN,I agree and I want to participate,671d22f9355f8f1efaf7397c,Desktop,Communication and/or Media,English,,,,,,,,,,,,,,,,,,,,,,,,,,,,,,,,,,,,,,,,,,,,,,,,,,,,,,,,,,,,,,,,,,,,,,,,,,,,,,,,,,,,,,,,,,,,,,,,,,,,,,,,,,,
2025-07-16 18:30:26,2025-07-16 18:40:28,IP Address,35.137.176.17,100,601,True,2025-07-16 18:40:28,R_5fdzaaiLnALTCOs,,,,,29.2866,-81.0869,anonymous,EN,I agree and I want to participate,578901354a84da00014c41cf,Desktop,Other,English,25 to 44,Male,Associate degree,United States,"Service & Sales Workers – customer-facing roles (e.g. retail salesperson, waiter/waitress, hairdresser)","Yes, I will",6,6,2,2,6,5,4,Several times a week,7,"online news websites,social media platforms (e.g. Facebook, Twitter, Telegram)",,,,,,,,,,,,,,,,,,,,,,,,,,,,,,,,,,0,0,178.66,0,5,3,5,4,3,3,3,6,3,5,5,7,0,0,62.367,0,6,6,3,1,3,3,"I think it covered a topic I already knew about pretty well. The story was fairly short, shorter than the first, and covered information i already knew.",6,6,4,5,6,6,No,"I don't find the article at all propagandistic, it presents something someone said. The article does not take that persons side or show direct support for what is said.",24.16,97.222,98.124,13,No,No,No,No,No,No,No,No,24.16,97.222,98.124,13,I have no suggestions,Yes,Easier to identify details considered to be propaganda.,Detractor,4,None,
2025-07-16 18:28:58,2025-07-16 18:43:40,IP Address,73.123.181.229,100,882,True,2025-07-16 18:43:41,R_5mmcZsXM7Wllw07,,,,,41.3186,-72.9302,anonymous,EN,I agree and I want to participate,6439db560a5e06fd3451c47c,Desktop,Other,English,45 to 64,Male,Bachelor's degree,United States,"Managers – people who plan and direct the work of others (e.g. department head, project manager, store manager)","Yes, I will",6,7,1,1,7,6,2,Multiple times a day,10,"traditional media (e.g. newspapers, TV news channels),online news websites,social media platforms (e.g. Facebook, Twitter, Telegram),news apps",,,,,,,,,,,,,,,,,,0,0,325.718,0,7,3,6,7,7,7,6,4,7,3,3,6,,,,,,,,,,,,,,,,,0,0,88.007,0,6,7,7,6,7,7,i thought that it was very biased and unbalanced and it was really propaganda and only from one point of view,6,3,7,2,1,4,Yes,its not balanced there is not information from the ukraine point of view seems to be russian led propaganda,1.174,73.021,74.293,10,Yes,No,Yes,Yes,Yes,Yes,Yes,No,1.174,73.021,74.293,10,none,Yes,it shows you how to filiter through the noise and find if its balanced or truthful information,Promoter,9,none,
2025-07-16 18:28:47,2025-07-16 18:44:36,IP Address,80.193.198.69,100,949,True,2025-07-16 18:44:37,R_2n7sBtBXIk6tNuv,,,,,51.8686,-2.2446,anonymous,EN,I agree and I want to participate,677052c959de45fd60f8d1a9,Desktop,Other,English,45 to 64,Female,Bachelor's degree,United Kingdom,"Managers – people who plan and direct the work of others (e.g. department head, project manager, store manager)","Yes, I will",5,5,2,2,5,5,4,Once a day,9,"traditional media (e.g. newspapers, TV news channels),online news websites",,,,,,,,,,,,,,,,,,,,,,,,,,,,,,,,,,86.916,86.916,346.945,1,6,6,6,6,6,6,2,5,5,5,4,5,0,0,96.378,0,7,7,7,7,7,7,I was very deliberate and trying to work out what was propaganda and what was not,2,5,5,5,4,5,Yes,Because it made several statements that lacked supporting evidence,1.816,95.152,96.036,10,Yes,No,Yes,No,Yes,Yes,Yes,No,1.815,95.151,96.035,10,none,Yes,the reasons it was propaganda,Promoter,10,,
2025-07-16 18:28:28,2025-07-16 18:44:49,IP Address,90.196.36.53,100,980,True,2025-07-16 18:44:49,R_80dCtPfvvnDU2Ln,,,,,54.9749,-1.6451,anonymous,EN,I agree and I want to participate,60c74dfb9bfacb11f4d698d2,Desktop,Other,English,18 to 24,Female,"Some college/university, no degree",United Kingdom,"Clerical Support Workers – office and admin tasks (e.g. receptionist, data entry clerk, office assistant)","Yes, I will",5,5,3,3,5,6,5,Once a week,8,"traditional media (e.g. newspapers, TV news channels),online news websites,social media platforms (e.g. Facebook, Twitter, Telegram)",,82.045,82.045,117.473,1,6,3,5,6,3,6,5,3,6,5,3,5,,,,,,,,,,,,,,,,,,,,,,,,,,,,,,,,,4.083,4.083,63.703,1,6,6,3,3,5,5,"I think this felt more deliberate as the structure was easy to follow, it was clear it was against the Ukraine president and it seemed to be advocating against him and giving reasons why he doesn't want to resolve the conflict. It seemed to be fully one sided in the article therefore was easier for me to read and get the full side of the writers perspective.",5,3,6,3,2,5,Yes,"It was mostly giving examples of how neither country want peace such as the opening line ;Ukranian leader ... doesn't want meanigful negotiations... seeks to prolong conflict. I think opening with this sets the tone of propaganda against Zelensky and therefore gives the reader reason to believe that the whole article is against him. The line saying 'Ukraine has yet to formally commit' speaks negatively where they could have said did not attend they used the word commit instead, suggesting that Ukraine cannot decide. Giving exsmples from leaders such as Trumo & Polyansky is an obvious giveaway that the article is propaganda against Ukraine.",1.623,327.418,329.172,12,Yes,Yes,Yes,Yes,Yes,Yes,Yes,No,1.622,327.417,329.171,12,,Yes,,Passive,8,,
2025-07-16 18:30:26,2025-07-16 18:45:29,IP Address,75.153.84.222,100,903,True,2025-07-16 18:45:29,R_3gTABR4eIi4zshr,,,,,40.7503,-74.0014,anonymous,EN,I agree and I want to participate,682a1996cd2cfa1f1160cb71,Desktop,Other,English,25 to 44,Male,"Some college/university, no degree",United States,"Professionals – highly-skilled, degree-level work (e.g. doctor, lawyer, engineer, teacher, accountant)","Yes, I will",5,6,1,1,7,6,7,Once a day,12,"traditional media (e.g. newspapers, TV news channels),online news websites,social media platforms (e.g. Facebook, Twitter, Telegram),news apps",,0,0,15.43,0,7,7,7,7,7,7,5,7,2,7,7,7,,,,,,,,,,,,,,,,,,,,,,,,,,,,,,,,,35.482,35.482,159.777,1,7,7,7,7,7,7,The article provided detailed information on the issue which changed my perspective on the matter such as quoted speeches from world leaders such as Trump.,2,6,6,7,6,7,No,Most of the information is derived from facts rather than propaganda.,1.627,132.602,133.206,13,Yes,No,Yes,Yes,Yes,No,Yes,No,1.628,132.602,133.207,13,none,Yes,It provides news from legit sources,Promoter,10,,
2025-07-16 18:32:24,2025-07-16 18:46:32,IP Address,86.169.244.1,100,847,True,2025-07-16 18:46:32,R_8m26ihsyFXIGus1,,,,,51.5054,-3.5794,anonymous,EN,I agree and I want to participate,65c242831388550b0a42bd25,Desktop,Other,English,45 to 64,Female,Master's degree,United Kingdom,"Professionals – highly-skilled, degree-level work (e.g. doctor, lawyer, engineer, teacher, accountant)","Yes, I will",5,5,2,2,5,5,6,Multiple times a day,9,"traditional media (e.g. newspapers, TV news channels),online news websites,social media platforms (e.g. Facebook, Twitter, Telegram),news apps",,53.966,287.898,289.653,12,7,3,7,6,3,6,4,4,5,4,4,5,,,,,,,,,,,,,,,,,,,,,,,,,,,,,,,,,20.783,42.273,43.866,2,2,2,2,2,2,1,"it was quicker to read without the additional comments - they slowed the process down and identified the key sections for understanding, whereas the 2nd article could be skimmed and the lack of highlighting suggested no particular section was that important",4,4,5,4,3,4,Yes,suggesting that zelensky's desire is to stay n power and not to participate in talks,1.991,121.573,122.692,15,No,Yes,No,Yes,Yes,Yes,Yes,No,1.991,121.574,122.692,15,make it more available!,Yes,categorisation and citing,Promoter,10,love it,
2025-07-16 18:34:23,2025-07-16 18:50:14,IP Address,35.151.157.130,100,950,True,2025-07-16 18:50:14,R_146gsm07SdPZvxh,,,,,33.8775,-84.5017,anonymous,EN,I agree and I want to participate,5bc9f8b677740000016a08b5,Desktop,Other,English,45 to 64,Female,Bachelor's degree,United States,"Managers – people who plan and direct the work of others (e.g. department head, project manager, store manager)","Yes, I will",1,1,7,7,1,1,2,Multiple times a day,9,"traditional media (e.g. newspapers, TV news channels),online news websites,news apps",,,,,,,,,,,,,,,,,,39.617,39.617,269.128,1,7,6,6,6,3,5,5,3,7,5,3,5,,,,,,,,,,,,,,,,,0,0,220.703,0,5,1,1,5,2,2,"I started reading and immediately thought ""this is obviously biased towards the right"" and as I was reading more, thoughts of ""this is misinformation and wrong"" over and over.",4,1,7,1,1,4,Yes,It was giving misinformation that was trying to portray Zelensky as the bad guy when we all know he is a hero.,1.583,99.287,101.088,10,Yes,Yes,Yes,Yes,Yes,Yes,Yes,No,1.583,99.287,101.088,10,I would suggest it be more concise and not so long. The tiny font made it difficult to read it all.,Yes,The part where it explained why we should be wary of the information.,Detractor,6,no,
2025-07-16 18:30:36,2025-07-16 18:51:44,IP Address,84.68.173.48,100,1267,True,2025-07-16 18:51:44,R_2LCqXco1vwgK3Hv,,,,,51.5245,-0.0255,anonymous,EN,I agree and I want to participate,667ec9bbae0fd758e8ffbf44,Desktop,Other,English,18 to 24,Female,"Some college/university, no degree",United Kingdom,,"Yes, I will",2,2,4,2,4,2,3,Once a week,8,"traditional media (e.g. newspapers, TV news channels),online news websites",,,,,,,,,,,,,,,,,,,,,,,,,,,,,,,,,,434.234,434.234,458.702,1,7,1,7,7,1,1,2,4,5,5,5,4,0,0,117.449,0,3,6,1,1,1,1,it was more compressed than the other article so the reading felt more effortless and natural,1,4,5,5,5,7,No,I meant yes because it has a lot of negatives about Ukraine making seem as if its Ukraines fault the war is still on.,11.709,223.193,223.757,14,Yes,Yes,No,Yes,Yes,Yes,Yes,No,11.71,223.193,223.758,14,,No,,Detractor,4,,
2025-07-16 18:37:56,2025-07-16 18:53:03,IP Address,72.219.4.224,100,906,True,2025-07-16 18:53:03,R_7CC7pZ0gM9Rhz9Q,,,,,30.2735,-91.8993,anonymous,EN,I agree and I want to participate,65462d3be36b05a1f97d2dc8,Desktop,Other,English,25 to 44,Female,Bachelor's degree,United States,"Managers – people who plan and direct the work of others (e.g. department head, project manager, store manager)","Yes, I will",7,7,1,1,7,7,4,Multiple times a day,9,"traditional media (e.g. newspapers, TV news channels),online news websites,social media platforms (e.g. Facebook, Twitter, Telegram),news apps",,7.387,200.98,204.205,16,6,3,6,5,4,5,2,4,4,5,4,4,,,,,,,,,,,,,,,,,,,,,,,,,,,,,,,,,13.065,29.936,31.846,3,6,3,4,4,4,5,"I was engaged in the article while reading, especially when Donald Trump was mentioned because then it directly mentions the United 
States and could have an effect on me.",2,4,5,4,3,4,Yes,because every media outlet has their own agenda,1.655,157.745,159.985,23,Yes,No,No,Yes,No,Yes,Yes,No,1.655,157.745,159.985,23,none,Yes,"when you press on the highlight , it brings up info on the article",Passive,8,no,
2025-07-16 18:35:06,2025-07-16 18:53:43,IP Address,105.245.111.13,100,1116,True,2025-07-16 18:53:43,R_2rJtQjkSiNuAocC,,,,,-25.757,28.1443,anonymous,EN,I agree and I want to participate,66af93dfdf68b39e95f1dd7e,Desktop,Other,English,25 to 44,Male,Bachelor's degree,South Africa,"Professionals – highly-skilled, degree-level work (e.g. doctor, lawyer, engineer, teacher, accountant)","Yes, I will",5,6,3,5,6,6,3,Once a week,8,"traditional media (e.g. newspapers, TV news channels),online news websites,social media platforms (e.g. Facebook, Twitter, Telegram)",,183.544,192.855,351.571,2,4,2,2,6,6,5,2,4,5,5,4,4,,,,,,,,,,,,,,,,,,,,,,,,,,,,,,,,,0,0,98.631,0,6,6,2,2,2,3,The article had more facts than opinions,6,6,2,6,6,6,No,Because it has only stated actual events that had happened,2.614,102.75,104.497,10,Yes,Yes,No,Yes,Yes,Yes,No,No,2.615,102.751,104.497,10,none,No,clear propaganda,Passive,7,None,
2025-07-16 18:32:25,2025-07-16 18:54:13,IP Address,194.152.129.190,100,1307,True,2025-07-16 18:54:13,R_8561WvnRlpXgF4B,,,,,51.4964,-0.1224,anonymous,EN,I agree and I want to participate,669784d7b9b01c76a1131cb9,Desktop,Other,English,25 to 44,Female,Bachelor's degree,United Kingdom,"Managers – people who plan and direct the work of others (e.g. department head, project manager, store manager)","Yes, I will",7,7,1,1,7,7,3,Several times a week,10,"traditional media (e.g. newspapers, TV news channels),social media platforms (e.g. Facebook, Twitter, Telegram),news apps",,108.186,197.086,215.231,4,7,7,7,7,7,7,4,5,5,6,5,6,,,,,,,,,,,,,,,,,,,,,,,,,,,,,,,,,138.224,138.224,154.71,1,7,7,7,7,7,5,"The article talks about serious issues like war, power, and leadership, which makes you think more carefully. You need to understand both sides and decide what seems true, so your thoughts are slower and more thoughtful.
",4,4,2,4,3,6,Yes,"The article only shows the Russian official’s opinion and uses strong language to discredit Ukraine and Zelensky without giving their side of the story. It seems more focused on pushing a message than giving fair or balanced information.
",3.006,130.212,131.463,11,No,No,Yes,Yes,Yes,No,Yes,No,3.006,130.213,131.464,11,The tool could be better if it showed when the article uses emotional or unfair language and told more about where the news came from. It should also point out if the story only shows one side and explain what tricks are used to try to influence the reader.,Yes,"The most helpful part was that the tool pointed out parts of the article that seemed biased or meant to influence the reader. It made it easier to see which parts were opinion or propaganda, and which were more factual.",Passive,7,,
2025-07-16 18:32:12,2025-07-16 18:56:11,IP Address,86.13.170.55,100,1438,True,2025-07-16 18:56:11,R_2fkUKY683Kh7hqF,,,,,51.4984,-3.2229,anonymous,EN,I agree and I want to participate,62cbf0028db66fbb9a89e1ca,Desktop,Other,English,25 to 44,Male,Bachelor's degree,United Kingdom,"Managers – people who plan and direct the work of others (e.g. department head, project manager, store manager)","Yes, I will",7,7,1,1,7,2,5,Multiple times a day,10,"online news websites,news apps",,,,,,,,,,,,,,,,,,299.823,299.823,452.666,1,7,3,6,6,5,4,4,5,7,6,6,6,,,,,,,,,,,,,,,,,0,0,209.82,0,3,3,2,2,1,2,My reading style it to skim through the article in attemppt to pull out the most important parts and by doing that i have spontaneous thoughts about what i had just read rather than deliberately thinking about the whole passage as a whole,6,5,6,5,5,6,Yes,"I think that there are certain elements of the passage that contains elements that could be interpreted at propagandistic. They are spreading something that is potentially not true and making themselves seem better by doing so ",13.869,75.726,141.353,13,No,No,No,Yes,No,Yes,Yes,No,13.87,75.726,141.353,13,None i found it good,Yes,"The fact it highlighted certain parts of the passage that are potentially not true. Which allowed me to form my own view by getting two version of the text ",Promoter,10,,
2025-07-16 18:45:46,2025-07-16 18:59:06,IP Address,78.197.108.102,100,799,True,2025-07-16 18:59:06,R_2R7Ep8pQNTn1hWY,,,,,48.7177,2.3088,anonymous,EN,I agree and I want to participate,66b7dd88a3f352b57776c807,Desktop,Other,English,18 to 24,Male,High school diploma or equivalent,France,"Technicians & Associate Professionals – support roles requiring specialized training (e.g. lab technician, paralegal, IT support)","Yes, I will",2,3,6,6,3,3,4,Rarely,7,"social media platforms (e.g. Facebook, Twitter, Telegram)",,0,0,181.097,0,5,3,3,6,4,5,2,3,5,6,6,3,,,,,,,,,,,,,,,,,,,,,,,,,,,,,,,,,0,0,96.864,0,6,6,3,3,3,5,Alot shorter less intimidating and scary.,3,5,6,4,4,5,Yes,The bias and the context,12.166,70.018,70.512,10,Yes,No,Yes,Yes,No,Yes,Yes,No,12.166,70.018,70.512,10,More clear and  less detailed,No,The info provided.,Detractor,4,,
2025-07-16 18:40:20,2025-07-16 19:02:25,IP Address,90.255.169.173,100,1325,True,2025-07-16 19:02:25,R_29wDGUBaTR42BMd,,,,,52.2242,0.1315,anonymous,EN,I agree and I want to participate,671d22f9355f8f1efaf7397c,Desktop,Other,English,18 to 24,Female,Bachelor's degree,United Kingdom,"Managers – people who plan and direct the work of others (e.g. department head, project manager, store manager)","Yes, I will",6,4,4,4,4,4,4,Once a day,9,"traditional media (e.g. newspapers, TV news channels),online news websites,social media platforms (e.g. Facebook, Twitter, Telegram),news apps",,5.179,49.876,621.41,2,7,7,7,7,7,7,3,3,3,5,5,5,,,,,,,,,,,,,,,,,,,,,,,,,,,,,,,,,0,0,105.745,0,2,5,1,1,1,1,"There have been peace proposals or ceasefire plans rejected by either side, and some view Ukraine as unwilling to compromise on key issues.",2,2,2,2,2,2,Yes,"Manipulated or fabricated information: Examples include fake news stories, doctored images, and false reports falsely attributing events or statements to Western media or officials to create confusion or distrust",2.411,117.706,118.551,18,Yes,Yes,Yes,Yes,Yes,No,No,No,2.411,117.706,118.551,18,,Yes,gives unbiased percepective of situations,Passive,7,,
2025-07-16 18:32:07,2025-07-16 19:05:14,IP Address,41.13.176.184,100,1987,True,2025-07-16 19:05:15,R_2Yn1V7yIbIfDJ8j,,,,,-29.8553,31.0428,anonymous,EN,I agree and I want to participate,60a8bd22d03adbe92cbb9a5e,Desktop,Other,English,25 to 44,Male,Bachelor's degree,South Africa,"Managers – people who plan and direct the work of others (e.g. department head, project manager, store manager)","Yes, I will",6,6,1,1,6,6,2,Several times a week,10,"traditional media (e.g. newspapers, TV news channels),online news websites,social media platforms (e.g. Facebook, Twitter, Telegram)",,,,,,,,,,,,,,,,,,47.852,523.279,524.371,22,7,7,7,5,4,6,5,4,6,5,5,6,,,,,,,,,,,,,,,,,7.163,294.023,307.325,10,7,3,3,4,6,7,"I wanted to get a clear understanding of the conflict of Russia and Ukraine, and also how exactly is Donald Trump and the US involved in this conflict. ",6,5,5,7,4,7,Yes,The article seems to be a mission to paint Zelensky as a bad leader.,5.834,170.429,172.016,22,Yes,No,No,Yes,No,No,No,No,5.835,170.429,172.017,22,Everything seems fine wwth the tool,Yes,Making sure I don't take information out of context,Promoter,10,None,
2025-07-16 18:38:51,2025-07-16 19:07:32,IP Address,80.7.237.11,100,1720,True,2025-07-16 19:07:32,R_8Ulu66011HiHTLH,,,,,52.3686,-1.2691,anonymous,EN,I agree and I want to participate,67c5d8062987a7f4a163158c,Desktop,Other,English,25 to 44,Female,"Some college/university, no degree",United Kingdom,"Professionals – highly-skilled, degree-level work (e.g. doctor, lawyer, engineer, teacher, accountant)","Yes, I will",7,7,1,1,7,7,1,Once a day,7,"online news websites,social media platforms (e.g. Facebook, Twitter, Telegram)",,,,,,,,,,,,,,,,,,36.242,430.479,449.54,18,7,7,7,4,1,7,2,4,7,3,5,5,,,,,,,,,,,,,,,,,13.777,168.849,390.601,6,7,2,3,7,1,7,"Because I have a predetermined perspective on this particular conflict that cannot be swayed, my conviction in my beliefs will remain.",5,4,7,1,1,3,Yes,"The paragraphs I have ticked yes to show statements and opinions which have been isolated to fit the topic of the article. Which is that, Ukraine (Zelensky) is not fit for government and is hoarding power by refusing to meet with Russian leader: Putin",1.322,233.086,233.939,21,No,No,Yes,Yes,No,Yes,Yes,No,1.323,233.086,233.939,21,None,No,"I liked the breakdown of , Where, Why, etc. It was very clearly explained and had references too. Which I like.",Promoter,10,"I wish people would use something like this , maybe a tool like this should be made state law.",
2025-07-16 18:39:12,2025-07-16 19:08:29,IP Address,102.218.124.242,100,1756,True,2025-07-16 19:08:29,R_2s5RMl1mBvX6LIp,,,,,-1.2841,36.8155,anonymous,EN,I agree and I want to participate,65feaaac53eb219f09ad5ea0,Desktop,Other,English,18 to 24,Male,Master's degree,Kenya,"Technicians & Associate Professionals – support roles requiring specialized training (e.g. lab technician, paralegal, IT support)","Yes, I will",6,7,1,2,7,7,4,Several times a week,10,"traditional media (e.g. newspapers, TV news channels),online news websites,social media platforms (e.g. Facebook, Twitter, Telegram)",,,,,,,,,,,,,,,,,,,,,,,,,,,,,,,,,,0,0,599.886,0,7,2,3,5,3,7,2,4,5,6,3,6,0,0,197.495,0,6,5,3,2,6,6,It required time and thoughts in reading and connecting the story. Ukraine is giving a different story and Russia is giving another different story. To get the story you need to think deliberately.,5,3,5,4,3,6,Yes,It is giving some inaccurate or falsified information about Russia and Ukraine talks.,1.56,111.54,116.637,11,Yes,No,Yes,Yes,Yes,No,No,No,1.56,111.54,116.637,11,The tool is fine.,Yes,Some biased and propagated information which may seem correct and may mislead you.,Promoter,9,The task was good. thank you.,
2025-07-16 18:33:49,2025-07-16 19:17:27,IP Address,197.229.6.165,100,2617,True,2025-07-16 19:17:27,R_2R4qOWxG7qbH7PU,,,,,-33.914,18.4129,anonymous,EN,I agree and I want to participate,67c1ce78c21573ec238ef382,Desktop,Other,English,25 to 44,Female,Bachelor's degree,South Africa,"Professionals – highly-skilled, degree-level work (e.g. doctor, lawyer, engineer, teacher, accountant)","Yes, I will",6,6,2,2,6,6,2,Several times a week,11,"traditional media (e.g. newspapers, TV news channels),online news websites,social media platforms (e.g. Facebook, Twitter, Telegram)",,119.161,614.917,689.852,5,7,7,1,1,1,7,3,7,1,7,7,7,,,,,,,,,,,,,,,,,,,,,,,,,,,,,,,,,0,0,171.802,0,7,1,7,1,7,7,Because the article needed understanding and processing of each part as l was constantly evaluating the information.,6,5,2,5,5,4,Yes,"Because the information in the article is a mix of facts, rumours and arguments.",1.941,335.296,336.514,12,Yes,No,Yes,Yes,Yes,Yes,Yes,No,1.941,335.295,336.513,12,Being short and precise while outlining the important details.,Yes,How it clearly elaborated the highlighted area in a way that  l understood better.,Detractor,6,,
2025-07-16 18:48:10,2025-07-16 19:24:09,IP Address,99.44.66.156,100,2159,True,2025-07-16 19:24:10,R_3nrF9Ro3oYD6wjT,,,,,33.7329,-118.2951,anonymous,EN,I agree and I want to participate,5fadeb340e10471fdeb5fbf5,Desktop,Other,English,25 to 44,Male,High school diploma or equivalent,United States,"Skilled Agricultural, Forestry & Fishery Workers – farmers, foresters, fishery workers","Yes, I will",3,4,3,4,4,4,4,Rarely,7,"social media platforms (e.g. Facebook, Twitter, Telegram)",,0,0,237.288,0,6,3,6,6,5,6,4,4,5,4,5,5,,,,,,,,,,,,,,,,,,,,,,,,,,,,,,,,,0,0,87.391,0,6,4,5,5,4,6,The article mostly was deliberate to me because it mostly was about how Putin doesn't think highly of the Ukraine leader and does not take him serious.,4,3,4,5,4,4,,,10.43,60.546,61.761,11,Yes,Yes,No,Yes,,Yes,Yes,Yes,10.431,60.546,61.761,11,no,Yes,Highlighting what I needed to like for.,Passive,8,,
2025-07-16 19:18:07,2025-07-16 19:59:22,IP Address,72.241.228.199,100,2475,True,2025-07-16 19:59:23,R_6Poeif5a0diRG8e,,,,,41.6503,-83.5065,anonymous,EN,I agree and I want to participate,66d9869a4e9051cdf5d16fa3,Desktop,Other,English,25 to 44,Female,"Some college/university, no degree",United States,"Managers – people who plan and direct the work of others (e.g. department head, project manager, store manager)","Yes, I will",5,5,2,2,4,5,5,Multiple times a day,1,"traditional media (e.g. newspapers, TV news channels),online news websites,social media platforms (e.g. Facebook, Twitter, Telegram),news apps",,,,,,,,,,,,,,,,,,,,,,,,,,,,,,,,,,0,0,580.619,0,1,7,6,2,2,7,1,4,4,5,4,7,0,0,76.381,0,7,1,7,7,3,2,"I devolped my own thoughts based on the information presented, trying to determine what is real from fake, true from false etc.. There was no other information to point this out to me.",3,4,5,4,4,5,Yes,"I think it's politically motivated. Some parts of the article sound like propaganda because they use dramatic words to make a person look bad, like saying Zelensky is “playing games.” They guess at someone’s hidden motives without proof, which can unfairly influence people’s opinions. These tricks try to sway readers, instead of just providing facts. Especially trying to sway readers to view Ukraine and President Zelensky in a negative light. ",0.922,622.793,623.481,52,Yes,No,Yes,Yes,Yes,Yes,Yes,No,0.921,622.792,623.48,52,"The highlights/fact checking is very comprehensive, which is good.. but only upon request... When reading, most people want clear and concise information. I feel like the highlighted sections are entire articles themselves, as it relates to the sheer length of the information. A clear and concise breakdown would be much more valuable. ",Yes,"That it highlights it, makes it known, and provides an explanation. ",Promoter,10,"no ",
